Attendance Area,School,Count
Dunlap,Dunlap,179
Dunlap,South Shore PK-8,52
Dunlap,Orca K-8,12
Dunlap,Rising Star,9
Dunlap,Martin Luther King,6
Dunlap,Wing Luke,5
Dunlap,Graham Hill,3
Dunlap,Maple,3
Dunlap,Queen Anne,3
Dunlap,STEM K-8,3
Dunlap,Thurgood Marshall,3
Dunlap,Dearborn Park Intl,3
Dunlap,Emerson,2
Dunlap,Hawthorne,2
Dunlap,Kimball,2
Dunlap,TOPS K-8,2
Dunlap,Bailey Gatzert,1
Dunlap,Beacon Hill Intl,1
Dunlap,Leschi,1
Dunlap,Madrona,1
Dunlap,Rainier View,1
Dunlap,Roxhill,1
Emerson,Emerson,247
Emerson,South Shore PK-8,88
Emerson,Orca K-8,17
Emerson,Dunlap,14
Emerson,Thurgood Marshall,11
Emerson,Wing Luke,10
Emerson,Queen Anne,8
Emerson,Rainier View,8
Emerson,Dearborn Park Intl,7
Emerson,Graham Hill,5
Emerson,STEM K-8,5
Emerson,Rising Star,4
Emerson,TOPS K-8,4
Emerson,Hawthorne,3
Emerson,Martin Luther King,3
Emerson,John Muir,2
Emerson,Cascade Parent Partnership,1
Emerson,Hazel Wolf K-8,1
Emerson,In Tandem,1
Emerson,John Stanford Intl,1
Emerson,Maple,1
Graham Hill,Graham Hill,211
Graham Hill,Orca K-8,35
Graham Hill,South Shore PK-8,24
Graham Hill,Martin Luther King,11
Graham Hill,Queen Anne,8
Graham Hill,Thurgood Marshall,6
Graham Hill,Dearborn Park Intl,4
Graham Hill,Kimball,4
Graham Hill,Emerson,3
Graham Hill,TOPS K-8,3
Graham Hill,Beacon Hill Intl,2
Graham Hill,Hawthorne,2
Graham Hill,John Muir,2
Graham Hill,McGilvra,2
Graham Hill,Adams,1
Graham Hill,Cascade Parent Partnership,1
Graham Hill,Dunlap,1
Graham Hill,Lowell,1
Graham Hill,Olympic Hills,1
Graham Hill,Stevens,1
Hawthorne,Hawthorne,343
Hawthorne,Orca K-8,122
Hawthorne,Dearborn Park Intl,14
Hawthorne,Thurgood Marshall,13
Hawthorne,Graham Hill,9
Hawthorne,South Shore PK-8,8
Hawthorne,TOPS K-8,8
Hawthorne,Kimball,5
Hawthorne,Queen Anne,4
Hawthorne,Cascade Parent Partnership,3
Hawthorne,John Muir,3
Hawthorne,Martin Luther King,3
Hawthorne,Beacon Hill Intl,2
Hawthorne,Concord Intl,1
Hawthorne,Emerson,1
Hawthorne,John Hay,1
Hawthorne,John Stanford Intl,1
Hawthorne,Leschi,1
Hawthorne,Rising Star,1
Hawthorne,STEM K-8,1
Hawthorne,Wing Luke,1
Martin Luther King,Martin Luther King,186
Martin Luther King,South Shore PK-8,24
Martin Luther King,Orca K-8,17
Martin Luther King,Graham Hill,14
Martin Luther King,Dearborn Park Intl,6
Martin Luther King,Kimball,6
Martin Luther King,Emerson,5
Martin Luther King,Dunlap,4
Martin Luther King,Thurgood Marshall,4
Martin Luther King,John Stanford Intl,3
Martin Luther King,Beacon Hill Intl,2
Martin Luther King,Leschi,2
Martin Luther King,Maple,2
Martin Luther King,Rising Star,2
Martin Luther King,Wing Luke,2
Martin Luther King,Hawthorne,1
Martin Luther King,Highland Park,1
Martin Luther King,John Muir,1
Martin Luther King,Queen Anne,1
Martin Luther King,TOPS K-8,1
Rainier View,Rainier View,200
Rainier View,South Shore PK-8,40
Rainier View,Emerson,19
Rainier View,Queen Anne,12
Rainier View,Orca K-8,11
Rainier View,Rising Star,7
Rainier View,Dunlap,6
Rainier View,Leschi,4
Rainier View,Martin Luther King,4
Rainier View,Wing Luke,4
Rainier View,Graham Hill,3
Rainier View,Hawthorne,3
Rainier View,Dearborn Park Intl,2
Rainier View,Thurgood Marshall,2
Rainier View,Cascade Parent Partnership,1
Rainier View,Fairmount Park,1
Rainier View,John Muir,1
Rainier View,Kimball,1
Rainier View,Lowell,1
Rainier View,Maple,1
Rainier View,McGilvra,1
Rainier View,West Seattle ES,1
Wing Luke,Wing Luke,218
Wing Luke,Rising Star,28
Wing Luke,South Shore PK-8,25
Wing Luke,Orca K-8,5
Wing Luke,Queen Anne,5
Wing Luke,Thurgood Marshall,5
Wing Luke,Graham Hill,4
Wing Luke,Martin Luther King,4
Wing Luke,Beacon Hill Intl,2
Wing Luke,Kimball,2
Wing Luke,Lowell,2
Wing Luke,Maple,2
Wing Luke,TOPS K-8,2
Wing Luke,Emerson,1
Wing Luke,Genesee Hill,1
Wing Luke,John Muir,1
Wing Luke,Leschi,1
Wing Luke,McDonald Intl,1
Wing Luke,Rainier View,1
Orca K-8,Aki Kurose,52
Orca K-8,Washington,26
Orca K-8,Mercer Intl,9
Orca K-8,Out of District/Unknown,6
Orca K-8,Meany,6
Orca K-8,David T. Denny Intl,2
Orca K-8,Eckstein,1
South Shore PK-8,Aki Kurose,175
South Shore PK-8,Mercer Intl,12
South Shore PK-8,Washington,11
South Shore PK-8,Out of District/Unknown,4
South Shore PK-8,David T. Denny Intl,2
South Shore PK-8,Meany,2
Arbor Heights,Arbor Heights,457
Arbor Heights,Pathfinder K-8,22
Arbor Heights,STEM K-8,22
Arbor Heights,Fairmount Park,11
Arbor Heights,Queen Anne,6
Arbor Heights,Gatewood,4
Arbor Heights,Roxhill,4
Arbor Heights,Genesee Hill,3
Arbor Heights,Highland Park,2
Arbor Heights,Lafayette,2
Arbor Heights,TOPS K-8,2
Arbor Heights,Cascade Parent Partnership,1
Arbor Heights,Concord Intl,1
Arbor Heights,Kimball,1
Arbor Heights,West Seattle ES,1
Concord Intl,Concord Intl,266
Concord Intl,STEM K-8,15
Concord Intl,Pathfinder K-8,13
Concord Intl,Highland Park,12
Concord Intl,Sanislo,11
Concord Intl,West Seattle ES,9
Concord Intl,Arbor Heights,8
Concord Intl,Queen Anne,7
Concord Intl,Roxhill,2
Concord Intl,Thurgood Marshall,2
Concord Intl,TOPS K-8,2
Concord Intl,Gatewood,1
Concord Intl,Hawthorne,1
Concord Intl,In Tandem,1
Concord Intl,John Stanford Intl,1
Concord Intl,Maple,1
Concord Intl,Orca K-8,1
Concord Intl,Priv/Paroch Sped,1
Concord Intl,South Shore PK-8,1
Highland Park,Highland Park,222
Highland Park,STEM K-8,20
Highland Park,Pathfinder K-8,16
Highland Park,Roxhill,15
Highland Park,Concord Intl,12
Highland Park,Arbor Heights,8
Highland Park,Genesee Hill,4
Highland Park,Sanislo,4
Highland Park,Cascade Parent Partnership,3
Highland Park,Queen Anne,3
Highland Park,West Seattle ES,3
Highland Park,Fairmount Park,2
Highland Park,Gatewood,2
Highland Park,Lafayette,2
Highland Park,Thurgood Marshall,2
Highland Park,TOPS K-8,2
Highland Park,Exp. Ed. Unit,1
Highland Park,Lowell,1
Highland Park,Maple,1
Roxhill,Roxhill,192
Roxhill,STEM K-8,55
Roxhill,Pathfinder K-8,19
Roxhill,Arbor Heights,8
Roxhill,Highland Park,8
Roxhill,West Seattle ES,8
Roxhill,Sanislo,7
Roxhill,Queen Anne,6
Roxhill,Concord Intl,5
Roxhill,Fairmount Park,3
Roxhill,Gatewood,3
Roxhill,Lafayette,3
Roxhill,Thurgood Marshall,3
Roxhill,Emerson,2
Roxhill,Leschi,1
Roxhill,Martin Luther King,1
Roxhill,McDonald Intl,1
Roxhill,Rainier View,1
Roxhill,South Shore PK-8,1
Roxhill,Thornton Creek,1
Sanislo,Sanislo,116
Sanislo,STEM K-8,45
Sanislo,Pathfinder K-8,29
Sanislo,Highland Park,20
Sanislo,South Shore PK-8,5
Sanislo,Fairmount Park,4
Sanislo,Queen Anne,4
Sanislo,Arbor Heights,3
Sanislo,Concord Intl,3
Sanislo,Thurgood Marshall,3
Sanislo,West Seattle ES,3
Sanislo,Alki,2
Sanislo,Gatewood,2
Sanislo,TOPS K-8,2
Sanislo,Leschi,1
Sanislo,Roxhill,1
West Seattle ES,West Seattle ES,276
West Seattle ES,STEM K-8,79
West Seattle ES,Sanislo,16
West Seattle ES,Queen Anne,13
West Seattle ES,Roxhill,13
West Seattle ES,Pathfinder K-8,9
West Seattle ES,Arbor Heights,5
West Seattle ES,Fairmount Park,5
West Seattle ES,Highland Park,5
West Seattle ES,Gatewood,4
West Seattle ES,Lafayette,3
West Seattle ES,Genesee Hill,2
West Seattle ES,Thurgood Marshall,2
West Seattle ES,Alki,1
West Seattle ES,Bailey Gatzert,1
West Seattle ES,Hawthorne,1
West Seattle ES,South Shore PK-8,1
West Seattle ES,TOPS K-8,1
STEM K-8,David T. Denny Intl,114
STEM K-8,Madison,45
STEM K-8,Out of District/Unknown,8
STEM K-8,Aki Kurose,6
STEM K-8,Whitman,1
Bryant,Bryant,440
Bryant,Decatur,41
Bryant,Thornton Creek,34
Bryant,John Stanford Intl,9
Bryant,Laurelhurst,8
Bryant,Queen Anne,7
Bryant,McDonald Intl,6
Bryant,Sand Point,6
Bryant,Cascade Parent Partnership,4
Bryant,Hazel Wolf K-8,4
Bryant,Wedgwood,3
Bryant,Daniel Bagley,2
Bryant,View Ridge,2
Bryant,Genesee Hill,1
Bryant,Green Lake,1
Bryant,John Rogers,1
Green Lake,Green Lake,292
Green Lake,McDonald Intl,247
Green Lake,John Stanford Intl,166
Green Lake,Cascadia,33
Green Lake,Thornton Creek,20
Green Lake,Hazel Wolf K-8,16
Green Lake,Queen Anne,16
Green Lake,B.F. Day,8
Green Lake,Salmon Bay K-8,6
Green Lake,Cascade Parent Partnership,5
Green Lake,Daniel Bagley,5
Green Lake,View Ridge,3
Green Lake,Sacajawea,2
Green Lake,South Shore PK-8,2
Green Lake,TOPS K-8,2
Green Lake,Whittier,2
Green Lake,Beacon Hill Intl,1
Green Lake,Cedar Park,1
Green Lake,Decatur,1
Green Lake,Laurelhurst,1
Green Lake,Non Public Agencies,1
Green Lake,Priv/Paroch Sped,1
Green Lake,STEM K-8,1
Green Lake,Wedgwood,1
Laurelhurst,Laurelhurst,204
Laurelhurst,Decatur,26
Laurelhurst,Thornton Creek,15
Laurelhurst,McDonald Intl,9
Laurelhurst,John Stanford Intl,7
Laurelhurst,TOPS K-8,4
Laurelhurst,Cascade Parent Partnership,3
Laurelhurst,Queen Anne,3
Laurelhurst,Bailey Gatzert,2
Laurelhurst,Sand Point,2
Laurelhurst,View Ridge,2
Laurelhurst,Cedar Park,1
Laurelhurst,Daniel Bagley,1
Laurelhurst,Exp. Ed. Unit,1
Laurelhurst,Hazel Wolf K-8,1
Laurelhurst,Licton Springs K-8,1
Laurelhurst,Non Public Agencies,1
Laurelhurst,Olympic View,1
Sand Point,Sand Point,155
Sand Point,Thornton Creek,48
Sand Point,Decatur,22
Sand Point,View Ridge,16
Sand Point,Laurelhurst,11
Sand Point,Hazel Wolf K-8,5
Sand Point,Queen Anne,4
Sand Point,Bryant,3
Sand Point,McDonald Intl,3
Sand Point,TOPS K-8,3
Sand Point,John Stanford Intl,2
Sand Point,Olympic Hills,2
Sand Point,Wing Luke,2
Sand Point,Cedar Park,1
Sand Point,Exp. Ed. Unit,1
Sand Point,Licton Springs K-8,1
Sand Point,Viewlands,1
Sand Point,Wedgwood,1
View Ridge,View Ridge,311
View Ridge,Thornton Creek,144
View Ridge,Decatur,70
View Ridge,John Stanford Intl,10
View Ridge,Sand Point,8
View Ridge,John Rogers,6
View Ridge,Wedgwood,6
View Ridge,McDonald Intl,5
View Ridge,Queen Anne,5
View Ridge,Hazel Wolf K-8,3
View Ridge,Cascade Parent Partnership,2
View Ridge,Cedar Park,2
View Ridge,Exp. Ed. Unit,2
View Ridge,Green Lake,1
Wedgwood,Wedgwood,367
Wedgwood,Thornton Creek,86
Wedgwood,Decatur,33
Wedgwood,Hazel Wolf K-8,12
Wedgwood,John Stanford Intl,8
Wedgwood,Queen Anne,8
Wedgwood,View Ridge,6
Wedgwood,Bryant,4
Wedgwood,Cascadia,4
Wedgwood,Laurelhurst,4
Wedgwood,Cedar Park,3
Wedgwood,Priv/Paroch Sped,2
Wedgwood,Cascade Parent Partnership,1
Wedgwood,John Rogers,1
Wedgwood,Licton Springs K-8,1
Wedgwood,McDonald Intl,1
Wedgwood,Olympic Hills,1
Wedgwood,Sacajawea,1
B.F. Day,B.F. Day,348
B.F. Day,John Stanford Intl,68
B.F. Day,Cascadia,25
B.F. Day,McDonald Intl,19
B.F. Day,Queen Anne,10
B.F. Day,Salmon Bay K-8,6
B.F. Day,TOPS K-8,4
B.F. Day,West Woodland,4
B.F. Day,Whittier,4
B.F. Day,Daniel Bagley,3
B.F. Day,Licton Springs K-8,3
B.F. Day,Adams,2
B.F. Day,Cascade Parent Partnership,2
B.F. Day,Loyal Heights,2
B.F. Day,Bailey Gatzert,1
B.F. Day,Broadview-Thomson K-8,1
B.F. Day,Cedar Park,1
B.F. Day,Hazel Wolf K-8,1
B.F. Day,Non Public Agencies,1
B.F. Day,Olympic View,1
B.F. Day,Thornton Creek,1
B.F. Day,Viewlands,1
West Woodland,West Woodland,380
West Woodland,Cascadia,36
West Woodland,Salmon Bay K-8,32
West Woodland,McDonald Intl,11
West Woodland,Cascade Parent Partnership,8
West Woodland,John Stanford Intl,7
West Woodland,Daniel Bagley,6
West Woodland,Loyal Heights,4
West Woodland,Queen Anne,3
West Woodland,Sanislo,3
West Woodland,Licton Springs K-8,2
West Woodland,Whittier,2
West Woodland,B.F. Day,1
West Woodland,Greenwood,1
West Woodland,Hazel Wolf K-8,1
West Woodland,Magnolia,1
West Woodland,Non Public Agencies,1
West Woodland,Priv/Paroch Sped,1
John Rogers,John Rogers,243
John Rogers,Cedar Park,79
John Rogers,Hazel Wolf K-8,53
John Rogers,Thornton Creek,45
John Rogers,Cascadia,15
John Rogers,Olympic Hills,14
John Rogers,McDonald Intl,10
John Rogers,Wedgwood,8
John Rogers,John Stanford Intl,7
John Rogers,Queen Anne,6
John Rogers,View Ridge,5
John Rogers,Laurelhurst,4
John Rogers,Sacajawea,4
John Rogers,Broadview-Thomson K-8,3
John Rogers,Decatur,3
John Rogers,Northgate,3
John Rogers,Olympic View,2
John Rogers,Sand Point,2
John Rogers,Daniel Bagley,1
John Rogers,Exp. Ed. Unit,1
John Rogers,Priv/Paroch Sped,1
John Rogers,Salmon Bay K-8,1
John Rogers,Whittier,1
Olympic Hills,Olympic Hills,412
Olympic Hills,Cedar Park,55
Olympic Hills,Hazel Wolf K-8,37
Olympic Hills,Cascadia,20
Olympic Hills,Queen Anne,9
Olympic Hills,Cascade Parent Partnership,5
Olympic Hills,John Rogers,5
Olympic Hills,Sacajawea,5
Olympic Hills,Thornton Creek,5
Olympic Hills,McDonald Intl,4
Olympic Hills,Broadview-Thomson K-8,3
Olympic Hills,John Stanford Intl,3
Olympic Hills,Laurelhurst,3
Olympic Hills,Green Lake,2
Olympic Hills,Northgate,2
Olympic Hills,TOPS K-8,2
Olympic Hills,B.F. Day,1
Olympic Hills,Daniel Bagley,1
Olympic Hills,Decatur,1
Olympic Hills,Licton Springs K-8,1
Olympic Hills,Loyal Heights,1
Olympic Hills,Olympic View,1
Sacajawea,Sacajawea,138
Sacajawea,Hazel Wolf K-8,114
Sacajawea,Thornton Creek,16
Sacajawea,McDonald Intl,15
Sacajawea,Cascadia,12
Sacajawea,Cedar Park,12
Sacajawea,Olympic View,10
Sacajawea,Queen Anne,8
Sacajawea,John Stanford Intl,6
Sacajawea,Olympic Hills,4
Sacajawea,John Rogers,3
Sacajawea,Salmon Bay K-8,3
Sacajawea,TOPS K-8,3
Sacajawea,View Ridge,3
Sacajawea,Wedgwood,3
Sacajawea,Cascade Parent Partnership,2
Sacajawea,Decatur,2
Sacajawea,Broadview-Thomson K-8,1
Sacajawea,Daniel Bagley,1
Sacajawea,Northgate,1
Alki,Alki,302
Alki,Fairmount Park,8
Alki,Lafayette,5
Alki,Pathfinder K-8,5
Alki,Dearborn Park Intl,3
Alki,STEM K-8,3
Alki,Genesee Hill,2
Alki,Queen Anne,2
Alki,Sanislo,2
Alki,Arbor Heights,1
Alki,Cascade Parent Partnership,1
Alki,Exp. Ed. Unit,1
Alki,Gatewood,1
Alki,TOPS K-8,1
Alki,West Seattle ES,1
Fairmount Park,Fairmount Park,348
Fairmount Park,Pathfinder K-8,44
Fairmount Park,STEM K-8,29
Fairmount Park,Genesee Hill,7
Fairmount Park,Queen Anne,6
Fairmount Park,Highland Park,5
Fairmount Park,Lafayette,4
Fairmount Park,Arbor Heights,3
Fairmount Park,Cascade Parent Partnership,3
Fairmount Park,Gatewood,3
Fairmount Park,Alki,2
Fairmount Park,West Seattle ES,2
Fairmount Park,In Tandem,1
Fairmount Park,Lowell,1
Fairmount Park,Madrona,1
Fairmount Park,Non Public Agencies,1
Fairmount Park,Salmon Bay K-8,1
Fairmount Park,Sanislo,1
Fairmount Park,South Shore PK-8,1
Gatewood,Gatewood,325
Gatewood,Pathfinder K-8,27
Gatewood,STEM K-8,15
Gatewood,Fairmount Park,14
Gatewood,Lafayette,7
Gatewood,Genesee Hill,5
Gatewood,Cascade Parent Partnership,3
Gatewood,Alki,2
Gatewood,Arbor Heights,2
Gatewood,Priv/Paroch Sped,2
Gatewood,Roxhill,2
Gatewood,Sanislo,2
Gatewood,West Seattle ES,2
Gatewood,Beacon Hill Intl,1
Gatewood,Concord Intl,1
Gatewood,Maple,1
Gatewood,Martin Luther King,1
Gatewood,McDonald Intl,1
Gatewood,Queen Anne,1
Genesee Hill,Genesee Hill,461
Genesee Hill,Pathfinder K-8,17
Genesee Hill,Fairmount Park,9
Genesee Hill,Queen Anne,6
Genesee Hill,Lafayette,5
Genesee Hill,STEM K-8,3
Genesee Hill,Gatewood,2
Genesee Hill,Alki,1
Genesee Hill,Arbor Heights,1
Genesee Hill,Cascade Parent Partnership,1
Genesee Hill,John Stanford Intl,1
Genesee Hill,Kimball,1
Lafayette,Lafayette,414
Lafayette,Pathfinder K-8,105
Lafayette,Genesee Hill,52
Lafayette,Fairmount Park,15
Lafayette,STEM K-8,8
Lafayette,Cascade Parent Partnership,5
Lafayette,Queen Anne,5
Lafayette,Thurgood Marshall,4
Lafayette,Concord Intl,3
Lafayette,Highland Park,2
Lafayette,West Seattle ES,2
Lafayette,Alki,1
Lafayette,John Stanford Intl,1
Lafayette,Leschi,1
Lafayette,Non Public Agencies,1
Lafayette,Priv/Paroch Sped,1
Catharine Blaine K-8,Catharine Blaine K-8,220
Catharine Blaine K-8,Cascadia,18
Catharine Blaine K-8,Lawton,7
Catharine Blaine K-8,Magnolia,7
Catharine Blaine K-8,John Stanford Intl,5
Catharine Blaine K-8,Queen Anne,3
Catharine Blaine K-8,Priv/Paroch Sped,2
Catharine Blaine K-8,B.F. Day,1
Catharine Blaine K-8,Coe,1
Catharine Blaine K-8,John Hay,1
Catharine Blaine K-8,North Beach,1
Coe,Coe,437
Coe,Cascadia,28
Coe,Queen Anne,28
Coe,John Hay,16
Coe,Magnolia,5
Coe,Cascade Parent Partnership,4
Coe,John Stanford Intl,4
Coe,Salmon Bay K-8,3
Coe,McDonald Intl,2
Coe,Adams,1
Coe,Exp. Ed. Unit,1
Coe,View Ridge,1
John Hay,John Hay,264
John Hay,Queen Anne,111
John Hay,Cascadia,30
John Hay,John Stanford Intl,5
John Hay,B.F. Day,2
John Hay,Licton Springs K-8,2
John Hay,McDonald Intl,2
John Hay,Cascade Parent Partnership,1
John Hay,Coe,1
John Hay,Hazel Wolf K-8,1
John Hay,Salmon Bay K-8,1
John Hay,TOPS K-8,1
Lawton,Lawton,308
Lawton,Cascadia,27
Lawton,John Stanford Intl,13
Lawton,Catharine Blaine K-8,10
Lawton,Magnolia,9
Lawton,Queen Anne,7
Lawton,John Hay,5
Lawton,Cascade Parent Partnership,4
Lawton,McDonald Intl,3
Lawton,Salmon Bay K-8,3
Lawton,Adams,2
Lawton,Stevens,2
Lawton,Whittier,2
Lawton,Coe,1
Lawton,Daniel Bagley,1
Lawton,Hazel Wolf K-8,1
Lawton,Lowell,1
Lawton,Priv/Paroch Sped,1
Magnolia,Magnolia,283
Magnolia,Catharine Blaine K-8,32
Magnolia,Lawton,15
Magnolia,Cascadia,12
Magnolia,John Hay,4
Magnolia,John Stanford Intl,4
Magnolia,Coe,3
Magnolia,McDonald Intl,3
Magnolia,Queen Anne,3
Magnolia,B.F. Day,2
Magnolia,North Beach,2
Magnolia,Salmon Bay K-8,2
Magnolia,Cascade Parent Partnership,1
Magnolia,Green Lake,1
Leschi,Leschi,274
Leschi,Thurgood Marshall,26
Leschi,TOPS K-8,17
Leschi,Madrona,6
Leschi,Bailey Gatzert,5
Leschi,Cascade Parent Partnership,4
Leschi,Lowell,4
Leschi,Montlake,3
Leschi,Non Public Agencies,3
Leschi,Beacon Hill Intl,2
Leschi,John Muir,2
Leschi,McGilvra,2
Leschi,Queen Anne,2
Leschi,Adams,1
Leschi,Dunlap,1
Leschi,Martin Luther King,1
Leschi,Orca K-8,1
Leschi,Stevens,1
Lowell,Lowell,243
Lowell,TOPS K-8,81
Lowell,Queen Anne,31
Lowell,Stevens,14
Lowell,Bailey Gatzert,9
Lowell,John Stanford Intl,9
Lowell,Cascade Parent Partnership,7
Lowell,John Hay,5
Lowell,Thurgood Marshall,5
Lowell,McDonald Intl,3
Lowell,Montlake,3
Lowell,Thornton Creek,3
Lowell,Madrona,2
Lowell,McGilvra,2
Lowell,Olympic View,2
Lowell,Salmon Bay K-8,1
Madrona,Madrona,185
Madrona,TOPS K-8,22
Madrona,Thurgood Marshall,9
Madrona,Leschi,6
Madrona,Stevens,6
Madrona,John Stanford Intl,5
Madrona,Lowell,5
Madrona,Bailey Gatzert,4
Madrona,Queen Anne,3
Madrona,Hawthorne,2
Madrona,Montlake,2
Madrona,Cascade Parent Partnership,1
Madrona,Catharine Blaine K-8,1
Madrona,Exp. Ed. Unit,1
Madrona,John Muir,1
Madrona,McDonald Intl,1
Madrona,McGilvra,1
Madrona,Non Public Agencies,1
Madrona,Sand Point,1
Madrona,South Shore PK-8,1
McGilvra,McGilvra,212
McGilvra,Thurgood Marshall,14
McGilvra,TOPS K-8,10
McGilvra,Madrona,6
McGilvra,Stevens,5
McGilvra,Montlake,4
McGilvra,John Stanford Intl,3
McGilvra,McDonald Intl,3
McGilvra,Leschi,2
McGilvra,Thornton Creek,2
McGilvra,Decatur,1
McGilvra,Lowell,1
McGilvra,Non Public Agencies,1
McGilvra,Queen Anne,1
Montlake,Montlake,169
Montlake,TOPS K-8,56
Montlake,Thurgood Marshall,12
Montlake,John Stanford Intl,5
Montlake,Queen Anne,5
Montlake,McDonald Intl,2
Montlake,Lowell,1
Montlake,Non Public Agencies,1
Montlake,Thornton Creek,1
Montlake,Wedgwood,1
Montlake,Whittier,1
Stevens,Stevens,144
Stevens,Thurgood Marshall,12
Stevens,TOPS K-8,6
Stevens,Lowell,5
Stevens,Madrona,5
Stevens,Queen Anne,5
Stevens,John Stanford Intl,4
Stevens,McDonald Intl,2
Stevens,Cascade Parent Partnership,1
Stevens,McGilvra,1
TOPS K-8,Meany,105
TOPS K-8,Washington,22
TOPS K-8,Aki Kurose,10
TOPS K-8,Mercer Intl,10
TOPS K-8,David T. Denny Intl,7
TOPS K-8,Eckstein,6
TOPS K-8,Hamilton Intl,2
TOPS K-8,Madison,2
TOPS K-8,McClure,2
TOPS K-8,Out of District/Unknown,1
TOPS K-8,Jane Addams MS,1
TOPS K-8,Robert Eagle Staff,1
Beacon Hill Intl,Beacon Hill Intl,272
Beacon Hill Intl,Kimball,7
Beacon Hill Intl,Queen Anne,6
Beacon Hill Intl,Bailey Gatzert,4
Beacon Hill Intl,Thurgood Marshall,4
Beacon Hill Intl,McDonald Intl,3
Beacon Hill Intl,Orca K-8,2
Beacon Hill Intl,Pathfinder K-8,2
Beacon Hill Intl,TOPS K-8,2
Beacon Hill Intl,Cascadia,1
Beacon Hill Intl,Exp. Ed. Unit,1
Beacon Hill Intl,Graham Hill,1
Beacon Hill Intl,John Muir,1
Beacon Hill Intl,Lowell,1
Beacon Hill Intl,Maple,1
Beacon Hill Intl,Martin Luther King,1
Beacon Hill Intl,Stevens,1
Dearborn Park Intl,Dearborn Park Intl,224
Dearborn Park Intl,Maple,51
Dearborn Park Intl,Queen Anne,12
Dearborn Park Intl,Wing Luke,7
Dearborn Park Intl,South Shore PK-8,6
Dearborn Park Intl,Kimball,5
Dearborn Park Intl,Rising Star,5
Dearborn Park Intl,Thurgood Marshall,4
Dearborn Park Intl,Graham Hill,3
Dearborn Park Intl,Hawthorne,3
Dearborn Park Intl,Orca K-8,3
Dearborn Park Intl,TOPS K-8,3
Dearborn Park Intl,John Muir,2
Dearborn Park Intl,John Stanford Intl,2
Dearborn Park Intl,Martin Luther King,1
Dearborn Park Intl,Rainier View,1
Dearborn Park Intl,Thornton Creek,1
Maple,Maple,356
Maple,Queen Anne,11
Maple,Beacon Hill Intl,10
Maple,Thurgood Marshall,9
Maple,Orca K-8,8
Maple,TOPS K-8,7
Maple,Wing Luke,5
Maple,Rising Star,3
Maple,Kimball,2
Maple,South Shore PK-8,2
Maple,Dearborn Park Intl,1
Maple,Exp. Ed. Unit,1
Maple,Hawthorne,1
Maple,Montlake,1
Maple,West Woodland,1
Rising Star,Rising Star,223
Rising Star,Wing Luke,20
Rising Star,Maple,17
Rising Star,Dearborn Park Intl,12
Rising Star,Orca K-8,12
Rising Star,South Shore PK-8,12
Rising Star,Queen Anne,6
Rising Star,Kimball,5
Rising Star,Thurgood Marshall,5
Rising Star,Graham Hill,3
Rising Star,Dunlap,2
Rising Star,Lowell,2
Rising Star,Martin Luther King,2
Rising Star,Rainier View,2
Rising Star,Cascade Parent Partnership,1
Rising Star,Concord Intl,1
Rising Star,Hawthorne,1
Rising Star,John Muir,1
Rising Star,Leschi,1
Rising Star,Pathfinder K-8,1
Rising Star,STEM K-8,1
Rising Star,TOPS K-8,1
Rising Star,West Seattle ES,1
Broadview-Thomson K-8,Broadview-Thomson K-8,355
Broadview-Thomson K-8,Hazel Wolf K-8,19
Broadview-Thomson K-8,Cascadia,17
Broadview-Thomson K-8,Licton Springs K-8,15
Broadview-Thomson K-8,Queen Anne,15
Broadview-Thomson K-8,Salmon Bay K-8,14
Broadview-Thomson K-8,McDonald Intl,10
Broadview-Thomson K-8,Northgate,8
Broadview-Thomson K-8,Greenwood,7
Broadview-Thomson K-8,North Beach,7
Broadview-Thomson K-8,Viewlands,7
Broadview-Thomson K-8,John Stanford Intl,6
Broadview-Thomson K-8,Whittier,6
Broadview-Thomson K-8,Daniel Bagley,5
Broadview-Thomson K-8,TOPS K-8,5
Broadview-Thomson K-8,Cascade Parent Partnership,4
Broadview-Thomson K-8,Cedar Park,4
Broadview-Thomson K-8,Olympic Hills,3
Broadview-Thomson K-8,Adams,2
Broadview-Thomson K-8,B. F. Day,2
Broadview-Thomson K-8,Laurelhurst,2
Broadview-Thomson K-8,Loyal Heights,2
Broadview-Thomson K-8,Olympic View,2
Broadview-Thomson K-8,Green Lake,1
Broadview-Thomson K-8,Thornton Creek,1
Broadview-Thomson K-8,West Woodland,1
Daniel Bagley,Daniel Bagley,275
Daniel Bagley,Cascadia,23
Daniel Bagley,John Stanford Intl,16
Daniel Bagley,McDonald Intl,15
Daniel Bagley,Greenwood,7
Daniel Bagley,Salmon Bay K-8,7
Daniel Bagley,Thornton Creek,7
Daniel Bagley,Queen Anne,6
Daniel Bagley,Hazel Wolf K-8,4
Daniel Bagley,Licton Springs K-8,4
Daniel Bagley,Olympic Hills,3
Daniel Bagley,TOPS K-8,3
Daniel Bagley,B.F. Day,1
Daniel Bagley,Cascade Parent Partnership,1
Daniel Bagley,Coe,1
Daniel Bagley,Laurelhurst,1
Daniel Bagley,Loyal Heights,1
Daniel Bagley,Olympic View,1
Daniel Bagley,South Shore PK-8,1
Greenwood,Greenwood,278
Greenwood,Cascadia,24
Greenwood,Salmon Bay K-8,9
Greenwood,McDonald Intl,6
Greenwood,Broadview-Thomson K-8,3
Greenwood,Daniel Bagley,3
Greenwood,Loyal Heights,3
Greenwood,West Woodland,3
Greenwood,Green Lake,2
Greenwood,John Muir,2
Greenwood,John Stanford Intl,2
Greenwood,Whittier,2
Greenwood,B.F. Day,1
Greenwood,Cascade Parent Partnership,1
Greenwood,Lowell,1
Greenwood,North Beach,1
Greenwood,Northgate,1
Greenwood,Queen Anne,1
Greenwood,Stevens,1
Greenwood,Thornton Creek,1
Greenwood,TOPS K-8,1
Northgate,Northgate,149
Northgate,Hazel Wolf K-8,28
Northgate,Broadview-Thomson K-8,18
Northgate,Cascadia,11
Northgate,Cedar Park,9
Northgate,McDonald Intl,7
Northgate,John Stanford Intl,6
Northgate,Licton Springs K-8,6
Northgate,Thornton Creek,6
Northgate,Daniel Bagley,5
Northgate,Cascade Parent Partnership,3
Northgate,Olympic Hills,3
Northgate,Viewlands,3
Northgate,North Beach,2
Northgate,Queen Anne,2
Northgate,Adams,1
Northgate,B.F. Day,1
Northgate,Coe,1
Northgate,Exp. Ed. Unit,1
Northgate,Fairmount Park,1
Northgate,Green Lake,1
Northgate,Loyal Heights,1
Northgate,Non Public Agencies,1
Northgate,Olympic View,1
Northgate,Salmon Bay K-8,1
Northgate,Whittier,1
Bailey Gatzert,Bailey Gatzert,253
Bailey Gatzert,TOPS K-8,12
Bailey Gatzert,Thurgood Marshall,9
Bailey Gatzert,Kimball,5
Bailey Gatzert,John Stanford Intl,4
Bailey Gatzert,Leschi,4
Bailey Gatzert,Madrona,4
Bailey Gatzert,Montlake,4
Bailey Gatzert,Stevens,4
Bailey Gatzert,Cascade Parent Partnership,3
Bailey Gatzert,Lowell,3
Bailey Gatzert,Pathfinder K-8,2
Bailey Gatzert,Graham Hill,1
Bailey Gatzert,Hawthorne,1
Bailey Gatzert,Queen Anne,1
Bailey Gatzert,Salmon Bay K-8,1
Bailey Gatzert,South Shore PK-8,1
Bailey Gatzert,Thornton Creek,1
John Muir,John Muir,290
John Muir,Thurgood Marshall,31
John Muir,Orca K-8,12
John Muir,TOPS K-8,11
John Muir,Dearborn Park Intl,9
John Muir,Kimball,9
John Muir,South Shore PK-8,7
John Muir,Rainier View,6
John Muir,Bailey Gatzert,4
John Muir,Graham Hill,4
John Muir,Hawthorne,4
John Muir,Queen Anne,4
John Muir,Rising Star,3
John Muir,Stevens,3
John Muir,Alki,2
John Muir,Beacon Hill Intl,2
John Muir,Catharine Blaine K-8,2
John Muir,In Tandem,2
John Muir,John Stanford Intl,2
John Muir,Leschi,2
John Muir,Magnolia,22
John Muir,Dunlap,1
John Muir,Exp. Ed. Unit,1
John Muir,Lowell,1
John Muir,Maple,1
John Muir,Martin Luther King,1
John Muir,McGilvra,1
John Muir,Pathfinder K-8,1
John Muir,Wing Luke,1
Kimball,Kimball,310
Kimball,Beacon Hill Intl,23
Kimball,Thurgood Marshall,19
Kimball,Orca K-8,14
Kimball,Queen Anne,13
Kimball,John Muir,5
Kimball,Pathfinder K-8,5
Kimball,Rising Star,5
Kimball,Graham Hill,4
Kimball,Hawthorne,4
Kimball,South Shore PK-8,4
Kimball,Bailey Gatzert,3
Kimball,Martin Luther King,3
Kimball,STEM K-8,3
Kimball,Cascade Parent Partnership,2
Kimball,Dearborn Park Intl,2
Kimball,Dunlap,2
Kimball,Emerson,2
Kimball,John Stanford Intl,2
Kimball,TOPS K-8,2
Kimball,Wing Luke,2
Kimball,Leschi,1
Kimball,McGilvra,1
Kimball,Non Public Agencies,1
Thurgood Marshall,Thurgood Marshall,203
Thurgood Marshall,Bailey Gatzert,8
Thurgood Marshall,Leschi,6
Thurgood Marshall,Madrona,5
Thurgood Marshall,Queen Anne,5
Thurgood Marshall,John Muir,4
Thurgood Marshall,Stevens,3
Thurgood Marshall,Beacon Hill Intl,2
Thurgood Marshall,Maple,2
Thurgood Marshall,Orca K-8,2
Thurgood Marshall,TOPS K-8,2
Thurgood Marshall,Hawthorne,1
Thurgood Marshall,McGilvra,1
Thurgood Marshall,STEM K-8,1
Adams,Adams,311
Adams,Salmon Bay K-8,106
Adams,Cascadia,18
Adams,John Stanford Intl,13
Adams,McDonald Intl,9
Adams,Queen Anne,7
Adams,Loyal Heights,6
Adams,Cascade Parent Partnership,2
Adams,Greenwood,2
Adams,Daniel Bagley,1
Adams,Lawton,1
Adams,Licton Springs K-8,1
Adams,North Beach,1
Adams,Thornton Creek,1
Adams,West Woodland,1
Adams,Whittier,1
Loyal Heights,Loyal Heights,444
Loyal Heights,Salmon Bay K-8,56
Loyal Heights,Cascadia,40
Loyal Heights,Whittier,40
Loyal Heights,Adams,34
Loyal Heights,Licton Springs K-8,7
Loyal Heights,McDonald Intl,7
Loyal Heights,North Beach,6
Loyal Heights,John Stanford Intl,4
Loyal Heights,Queen Anne,4
Loyal Heights,Broadview-Thomson K-8,3
Loyal Heights,Cascade Parent Partnership,2
Loyal Heights,John Hay,2
Loyal Heights,Viewlands,2
Loyal Heights,Daniel Bagley,1
Loyal Heights,Exp. Ed. Unit,1
Loyal Heights,Hazel Wolf K-8,1
Loyal Heights,Non Public Agencies,1
Loyal Heights,Priv/Paroch Sped,1
North Beach,North Beach,315
North Beach,Cascadia,27
North Beach,Salmon Bay K-8,14
North Beach,McDonald Intl,11
North Beach,Loyal Heights,7
North Beach,John Stanford Intl,3
North Beach,B.F. Day,2
North Beach,Cascade Parent Partnership,2
North Beach,Greenwood,2
North Beach,Northgate,2
North Beach,Olympic Hills,2
North Beach,Queen Anne,2
North Beach,Viewlands,2
North Beach,Broadview-Thomson K-8,1
North Beach,Catharine Blaine K-8,1
North Beach,Daniel Bagley,1
North Beach,West Woodland,1
North Beach,Whittier,1
Viewlands,Viewlands,267
Viewlands,Cascadia,17
Viewlands,Queen Anne,14
Viewlands,Licton Springs K-8,12
Viewlands,North Beach,8
Viewlands,Salmon Bay K-8,8
Viewlands,Broadview-Thomson K-8,7
Viewlands,Daniel Bagley,7
Viewlands,McDonald Intl,7
Viewlands,Northgate,7
Viewlands,Whittier,7
Viewlands,Greenwood,6
Viewlands,John Stanford Intl,5
Viewlands,Loyal Heights,5
Viewlands,Olympic View,5
Viewlands,Cascade Parent Partnership,4
Viewlands,Hazel Wolf K-8,4
Viewlands,Adams,3
Viewlands,Cedar Park,3
Viewlands,Sacajawea,3
Viewlands,Thornton Creek,3
Viewlands,Laurelhurst,2
Viewlands,TOPS K-8,2
Viewlands,Exp. Ed. Unit,1
Viewlands,Green Lake,1
Viewlands,Lawton,1
Viewlands,Magnolia,1
Whittier,Whittier,325
Whittier,Salmon Bay K-8,39
Whittier,Cascadia,22
Whittier,McDonald Intl,10
Whittier,West Woodland,10
Whittier,John Stanford Intl,6
Whittier,Queen Anne,4
Whittier,Hazel Wolf K-8,3
Whittier,North Beach,3
Whittier,TOPS K-8,3
Whittier,Adams,2
Whittier,Greenwood,2
Whittier,Green Lake,1